<ImportExportXml version="9.1.0.26432" SolutionPackageVersion="9.1" languagecode="1036" generatedBy="CrmLive" xmlns:xsi="http://www.w3.org/2001/XMLSchema-instance">
  <SolutionManifest>
    <UniqueName>Shopify</UniqueName>
    <LocalizedNames>
      <LocalizedName description="Shopify " languagecode="1036" />
    </LocalizedNames>
    <Descriptions />
    <Version>1.0.0.0</Version>
    <Managed>0</Managed>
    <Publisher>
      <UniqueName>juli3n</UniqueName>
      <LocalizedNames>
        <LocalizedName description="Julien Miquel" languagecode="1036" />
      </LocalizedNames>
      <Descriptions />
      <EMailAddress xsi:nil="true"></EMailAddress>
      <SupportingWebsiteUrl xsi:nil="true"></SupportingWebsiteUrl>
      <CustomizationPrefix>jul</CustomizationPrefix>
      <CustomizationOptionValuePrefix>97347</CustomizationOptionValuePrefix>
      <Addresses>
        <Address>
          <AddressNumber>1</AddressNumber>
          <AddressTypeCode>1</AddressTypeCode>
          <City xsi:nil="true"></City>
          <County xsi:nil="true"></County>
          <Country xsi:nil="true"></Country>
          <Fax xsi:nil="true"></Fax>
          <FreightTermsCode xsi:nil="true"></FreightTermsCode>
          <ImportSequenceNumber xsi:nil="true"></ImportSequenceNumber>
          <Latitude xsi:nil="true"></Latitude>
          <Line1 xsi:nil="true"></Line1>
          <Line2 xsi:nil="true"></Line2>
          <Line3 xsi:nil="true"></Line3>
          <Longitude xsi:nil="true"></Longitude>
          <Name xsi:nil="true"></Name>
          <PostalCode xsi:nil="true"></PostalCode>
          <PostOfficeBox xsi:nil="true"></PostOfficeBox>
          <PrimaryContactName xsi:nil="true"></PrimaryContactName>
          <ShippingMethodCode>1</ShippingMethodCode>
          <StateOrProvince xsi:nil="true"></StateOrProvince>
          <Telephone1 xsi:nil="true"></Telephone1>
          <Telephone2 xsi:nil="true"></Telephone2>
          <Telephone3 xsi:nil="true"></Telephone3>
          <TimeZoneRuleVersionNumber xsi:nil="true"></TimeZoneRuleVersionNumber>
          <UPSZone xsi:nil="true"></UPSZone>
          <UTCOffset xsi:nil="true"></UTCOffset>
          <UTCConversionTimeZoneCode xsi:nil="true"></UTCConversionTimeZoneCode>
        </Address>
        <Address>
          <AddressNumber>2</AddressNumber>
          <AddressTypeCode>1</AddressTypeCode>
          <City xsi:nil="true"></City>
          <County xsi:nil="true"></County>
          <Country xsi:nil="true"></Country>
          <Fax xsi:nil="true"></Fax>
          <FreightTermsCode xsi:nil="true"></FreightTermsCode>
          <ImportSequenceNumber xsi:nil="true"></ImportSequenceNumber>
          <Latitude xsi:nil="true"></Latitude>
          <Line1 xsi:nil="true"></Line1>
          <Line2 xsi:nil="true"></Line2>
          <Line3 xsi:nil="true"></Line3>
          <Longitude xsi:nil="true"></Longitude>
          <Name xsi:nil="true"></Name>
          <PostalCode xsi:nil="true"></PostalCode>
          <PostOfficeBox xsi:nil="true"></PostOfficeBox>
          <PrimaryContactName xsi:nil="true"></PrimaryContactName>
          <ShippingMethodCode>1</ShippingMethodCode>
          <StateOrProvince xsi:nil="true"></StateOrProvince>
          <Telephone1 xsi:nil="true"></Telephone1>
          <Telephone2 xsi:nil="true"></Telephone2>
          <Telephone3 xsi:nil="true"></Telephone3>
          <TimeZoneRuleVersionNumber xsi:nil="true"></TimeZoneRuleVersionNumber>
          <UPSZone xsi:nil="true"></UPSZone>
          <UTCOffset xsi:nil="true"></UTCOffset>
          <UTCConversionTimeZoneCode xsi:nil="true"></UTCConversionTimeZoneCode>
        </Address>
      </Addresses>
    </Publisher>
    <RootComponents>
      <RootComponent type="29" id="{d5742604-d83f-eb11-a813-000d3a89cb4f}" behavior="0" />
      <RootComponent type="60" id="{adc6d900-66ff-4c3b-94fe-9a5942bf3401}" behavior="0" />
    </RootComponents>
    <MissingDependencies>
      <MissingDependency>
        <Required key="0" type="1" schemaName="jul_achat" displayName="Achat" solution="Active" />
        <Dependent key="1" type="60" displayName="Informations" parentDisplayName="Achat" id="{adc6d900-66ff-4c3b-94fe-9a5942bf3401}" />
      </MissingDependency>
      <MissingDependency>
        <Required key="2" type="2" schemaName="createdon" displayName="Créé le" parentSchemaName="jul_achat" parentDisplayName="Achat" solution="Active" />
        <Dependent key="1" type="60" displayName="Informations" parentDisplayName="Achat" id="{adc6d900-66ff-4c3b-94fe-9a5942bf3401}" />
      </MissingDependency>
      <MissingDependency>
        <Required key="3" type="2" schemaName="jul_description" displayName="Description" parentSchemaName="jul_achat" parentDisplayName="Achat" solution="Active" />
        <Dependent key="1" type="60" displayName="Informations" parentDisplayName="Achat" id="{adc6d900-66ff-4c3b-94fe-9a5942bf3401}" />
      </MissingDependency>
      <MissingDependency>
        <Required key="4" type="2" schemaName="jul_contactid" displayName="Contact" parentSchemaName="jul_achat" parentDisplayName="Achat" solution="Active" />
        <Dependent key="1" type="60" displayName="Informations" parentDisplayName="Achat" id="{adc6d900-66ff-4c3b-94fe-9a5942bf3401}" />
      </MissingDependency>
      <MissingDependency>
        <Required key="5" type="2" schemaName="jul_name" displayName="Name" parentSchemaName="jul_achat" parentDisplayName="Achat" solution="Active" />
        <Dependent key="1" type="60" displayName="Informations" parentDisplayName="Achat" id="{adc6d900-66ff-4c3b-94fe-9a5942bf3401}" />
      </MissingDependency>
      <MissingDependency>
        <Required key="6" type="2" schemaName="jul_prix" displayName="Prix" parentSchemaName="jul_achat" parentDisplayName="Achat" solution="Active" />
        <Dependent key="1" type="60" displayName="Informations" parentDisplayName="Achat" id="{adc6d900-66ff-4c3b-94fe-9a5942bf3401}" />
      </MissingDependency>
      <MissingDependency>
        <Required key="7" type="2" schemaName="ownerid" displayName="Propriétaire" parentSchemaName="jul_achat" parentDisplayName="Achat" solution="Active" />
        <Dependent key="1" type="60" displayName="Informations" parentDisplayName="Achat" id="{adc6d900-66ff-4c3b-94fe-9a5942bf3401}" />
      </MissingDependency>
      <MissingDependency>
        <Required key="8" type="10" schemaName="jul_Achat_ContactId_Contact" displayName="jul_Achat_ContactId_Contact" parentSchemaName="contact" parentDisplayName="Contact" solution="Active" />
        <Dependent key="1" type="60" displayName="Informations" parentDisplayName="Achat" id="{adc6d900-66ff-4c3b-94fe-9a5942bf3401}" />
      </MissingDependency>
    </MissingDependencies>
  </SolutionManifest>
</ImportExportXml>