{"properties":{"connectionReferences":{},"definition":{"$schema":"https://schema.management.azure.com/providers/Microsoft.Logic/schemas/2016-06-01/workflowdefinition.json#","contentVersion":"1.0.0.0","parameters":{"$authentication":{"defaultValue":{},"type":"SecureObject"}},"triggers":{"manual":{"type":"Request","kind":"Http","inputs":{"schema":{"type":"object","properties":{"id":{"type":"integer"},"order_id":{"type":"integer"},"status":{"type":"string"},"created_at":{"type":"string"},"service":{},"updated_at":{"type":"string"},"tracking_company":{"type":"string"},"shipment_status":{},"location_id":{},"email":{"type":"string"},"destination":{"type":"object","properties":{"first_name":{"type":"string"},"address1":{"type":"string"},"phone":{"type":"string"},"city":{"type":"string"},"zip":{"type":"string"},"province":{"type":"string"},"country":{"type":"string"},"last_name":{"type":"string"},"address2":{},"company":{"type":"string"},"latitude":{},"longitude":{},"name":{"type":"string"},"country_code":{"type":"string"},"province_code":{"type":"string"}}},"line_items":{"type":"array","items":{"type":"object","properties":{"id":{"type":"integer"},"variant_id":{},"title":{"type":"string"},"quantity":{"type":"integer"},"sku":{"type":"string"},"variant_title":{},"vendor":{},"fulfillment_service":{"type":"string"},"product_id":{"type":"integer"},"requires_shipping":{"type":"boolean"},"taxable":{"type":"boolean"},"gift_card":{"type":"boolean"},"name":{"type":"string"},"variant_inventory_management":{},"properties":{"type":"array"},"product_exists":{"type":"boolean"},"fulfillable_quantity":{"type":"integer"},"grams":{"type":"integer"},"price":{"type":"string"},"total_discount":{"type":"string"},"fulfillment_status":{},"price_set":{"type":"object","properties":{"shop_money":{"type":"object","properties":{"amount":{"type":"string"},"currency_code":{"type":"string"}}},"presentment_money":{"type":"object","properties":{"amount":{"type":"string"},"currency_code":{"type":"string"}}}}},"total_discount_set":{"type":"object","properties":{"shop_money":{"type":"object","properties":{"amount":{"type":"string"},"currency_code":{"type":"string"}}},"presentment_money":{"type":"object","properties":{"amount":{"type":"string"},"currency_code":{"type":"string"}}}}},"discount_allocations":{"type":"array"},"duties":{"type":"array"},"admin_graphql_api_id":{"type":"string"},"tax_lines":{"type":"array"}},"required":["id","variant_id","title","quantity","sku","variant_title","vendor","fulfillment_service","product_id","requires_shipping","taxable","gift_card","name","variant_inventory_management","properties","product_exists","fulfillable_quantity","grams","price","total_discount","fulfillment_status","price_set","total_discount_set","discount_allocations","duties","admin_graphql_api_id","tax_lines"]}},"tracking_number":{"type":"string"},"tracking_numbers":{"type":"array","items":{"type":"string"}},"tracking_url":{"type":"string"},"tracking_urls":{"type":"array","items":{"type":"string"}},"receipt":{"type":"object","properties":{}},"name":{"type":"string"},"admin_graphql_api_id":{"type":"string"}}}},"description":"In Shopify : Plug this url to the Webhook action \"Create an order\". In this HTTPRequest, the Json contains the data send by Shopify for this action."}},"actions":{"Create_HTML_table":{"runAfter":{},"type":"Table","inputs":{"from":"@triggerBody()","format":"HTML"}}},"outputs":{}}},"schemaVersion":"1.0.0.0"}